node,fee,num_trans
0232e20e7b68b9b673fb25f48322b151a93186bffe4550045040673797ceca43cf,8414.0,14
03e50492eab4107a773141bb419e107bda3de3d55652e6e1a41225f06a0bbf2d56,3171.0,21
03fb822818be083e0a954db85257a2911a3d55458b8c1ea4124b157e865a836d12,1860.5,61
0279c22ed7a068d10dc1a38ae66d2d6461e269226c60258c021b1ddcdfe4b00bc4,1560.0,26
032679fec1213e5b0a23e066c019d7b991b95c6e4d28806b9ebd1362f9e32775cf,1189.5,39
0390b5d4492dc2f5318e5233ab2cebf6d48914881a33ef6a9c6bcdbb433ad986d0,976.0,32
0303a518845db99994783f606e6629e705cfaf072e5ce9a4d8bf9e249de4fbd019,976.0,32
03a503d8e30f2ff407096d235b5db63b4fcf3f89a653acb6f43d3fc492a7674019,922.5,15
03d37fca0656558de4fd86bbe490a38d84a46228e7ec1361801f54f9437a18d618,732.0,24
028dcc199be86786818c8c32bffe9db8855c5fca98951eec99d1fa335d841605c2,658.0,94
024d2387409269f3b79e2708bb39b895c9f4b6a8322153af54eba487d4993bf60f,579.5,19
022c260f9ad58196af280c80a96ec9eabf6404df59ff1a7553b0f381c875a29ba0,396.5,13
03da1c27ca77872ac5b3e568af30673e599a47a5e4497f85c7b5da42048807b3ed,396.5,13
03864ef025fde8fb587d989186ce6a4a186895ee44a926bfc370e2c366597a3f8f,371.0,53
030995c0c0217d763c2274aa6ed69a0bb85fa2f7d118f93631550f3b6219a577f5,366.0,12
0331f80652fb840239df8dc99205792bba2e559a05469915804c08420230e23c7c,350.86,331
039edc94987c8f3adc28dab455efc00dea876089a120f573bd0b03c40d9d3fb1e1,335.5,11
02247d9db0dfafea745ef8c9e161eb322f73ac3f8858d8730b6fd97254747ce76b,335.5,11
031ce29116eab7edd66148f5169f1fb658fad62bdc5091221ab895fe5d36db00b2,335.5,11
0311cad0edf4ac67298805cf4407d94358ca60cd44f2e360856f3b1c088bcd4782,274.5,9
02c91d6aa51aa940608b497b6beebcb1aec05be3c47704b682b3889424679ca490,244.0,8
028a8e53d70bc0eb7b5660943582f10b7fd6c727a78ad819ba8d45d6a638432c49,244.0,8
03bc9337c7a28bb784d67742ebedd30a93bacdf7e4ca16436ef3798000242b2251,244.0,8
028303182c9885da93b3b25c9621d22cf34475e63c123942e402ab530c0556e675,231.0,33
02523f947272e18da0b01d70535ce2b3002a92bdfbcab4cbe123151081f395d6c5,198.0,6
03e5ea100e6b1ef3959f79627cb575606b19071235c48b3e7f9808ebcd6d12e87d,183.0,6
030c3f19d742ca294a55c00376b3b355c3c90d61c6b6b39554dbc7ac19b141c14f,173.84,164
02308c54b63e2c1375a52ce6ca27b171188f99e7c274eaf14be396289d93fb6003,155.6,11
022755c3ff4e5a1d71f573cda4b315887fc00a9e5c9ea9a847d939f3e517e69a70,152.5,5
02cdf83ef8e45908b1092125d25c68dcec7751ca8d39f557775cd842e5bc127469,147.34,139
03abf6f44c355dec0d5aa155bdbdd6e0c8fefe318eff402de65c6eb2e1be55dc3e,134.04,48
03b38f5fb693ae96fda9533c7ba45840c0afc4390544223a18dd676d858bfd5b15,125.0,5
02da0713ab1b12eeb01f212944a435077f39f1b767ee5c24b01cdb4b0b9377b66b,122.0,2
03fce165537aea120bffe8505876b44d5119354f825b3eac329b761fc5636bf334,122.0,4
0217890e3aad8d35bc054f43acc00084b25229ecff0ab68debd82883ad65ee8266,117.66000000000001,111
03bb88ccc444534da7b5b64b4f7b15e1eccb18e102db0e400d4b9cfe93763aa26d,98.62,1002
03cb7983dc247f9f81a0fa2dfa3ce1c255365f7279c8dd143e086ca333df10e278,90.87500000000001,125
02ad6fb8d693dc1e4569bcedefadf5f72a931ae027dc0f0c544b34c1c6f3b9a02b,67.87349999999999,1130
02529db69fd2ebd3126fb66fafa234fc3544477a23d509fe93ed229bb0e92e4fb8,63.422999999999995,27
02df5ffe895c778e10f7742a6c5b8a0cefbe9465df58b92fadeb883752c8107c8f,62.400000000000006,39
02c12b5459cf107ee0440cae41902f1189db50fa003a077f3a6fbe6b5760218695,62.34,114
03205b045b0126c0d3fb826a38b9befc4babf51689544908c704d8e51fdec75ffb,58.5,9
021607cfce19a4c5e7e6e738663dfafbbbac262e4ff76c2c9b30dbeefc35c00643,58.141999999999996,29
032b2b3f4abda9677bb9563e226c068d3a2456fb8b036635a81c9bcaa1671d1ada,47.7,45
023e8b9d0c52dc22d07f70a69624e2457df5760ca0b4d87a5df460b08863f46448,46.64,44
02690881543d633f3a16c8ff97397f3f2e8765a15f5ac057d701243e5adb7ba856,43.46,41
0242a4ae0c5bef18048fbecf995094b74bfb0f7391418d71ed394784373f41e4f3,42.400000000000006,40
026bce917a5854f3c5140cc69c977d19a6d656554120b6dedf045b246941b858c5,41.81,113
0391489a933ab83094d1af43b3df3e8c8d467474649361912f05211d0e68a28fc9,40.28,38
03c2abfa93eacec04721c019644584424aab2ba4dff3ac9bdab4e9c97007491dda,40.28,38
0327049d8d63f0c40193cdf3afc61817c8647808a4e482de0716fcef74e6d92ebf,40.262,38
031678745383bd273b4c3dbefc8ffbf4847d85c2f62d3407c0c980430b3257c403,39.22,37
032cc4541b25e86e39a7d450a979c1a9adbe2878df3a93fcb59c96c700bfe26aa3,38.41,23
03ee180e8ee07f1f9c9987d98b5d5decf6bad7d058bdd8be3ad97c8e0dd2cdc7ba,36.3,505
02e9046555a9665145b0dbd7f135744598418df7d61d3660659641886ef1274844,32.0,200
02725e5abcbf5550fc29e6b19706a1377f25d2b1502684f9be9965b6deac167520,31.8,30
022c699df736064b51a33017abfc4d577d133f7124ac117d3d9f9633b6297a3b6a,28.62,27
0205823109f3d6e1ac5f3e5ab41ab88bf463ffa7b59a81d07d8b688fb737e11955,26.5,25
03a5927b64b1ea8657d5b770d61a3e2d0554fdb5d568773e0d6a92907913ca21f6,26.174999999999997,25
03649c72a4816f0cd546f84aafbd657e92a30ab474de7ab795e8b5650a427611f7,25.6,16
02309f3556d51e9d855594762dcf68cb283fbfd7e48618b6cecb8cd90e2e34d8ad,25.44,24
02a45def9ae014fdd2603dd7033d157faa3a55a72b06a63ae22ef46d9fafdc6e8d,25.0,8
032c6b30d84a7fe254537ec1c00f18775fc6dd1d1de1e305b5a980a4c0d6a8e35d,24.380000000000003,23
03b2312fa65b43b9ebc6d824af6ac0ad2cee7a490fd3a79af25f7a77bdd6f25c42,22.26,21
024a2e265cd66066b78a788ae615acdc84b5b0dec9efac36d7ac87513015eaf6ed,21.8,17
0348e881b4474d71c1f0825f54e3d99e487ece8a41f3fbf1c4de469833ab27206c,21.0,3
03deedbfee762a68a44d2587560507e513ac185908728aaf053ad4a3c096d8acb0,20.14,19
039f01ad62e5208940faff11d0bbc997582eafad7642aaf53de6a5f6551ab73400,19.080000000000002,18
0219c2f8818bd2124dcc41827b726fd486c13cdfb6edf4e1458194663fb07891c7,19.080000000000002,18
02b0172bb38617fa3afdb69664468b492d5a21062a4fa8b47284b0cc320e6e7420,18.462,30
021d9deaf090a021c6e464e3becc5296161e8aaf5de3c7a1d517838cd74525834f,18.02,17
026b105ac13212c48714c6be9b11577a9ce10f10e1c88a45ce217e6331209faf8b,17.6,11
03957c801187ade4aaeee6ca1e3f23eeb7413a84558ff1f3543cb41f5f86da609a,17.200000000000003,20
0260fab633066ed7b1d9b9b8a0fac87e1579d1709e874d28a0d171a1f5c43bb877,16.96,16
0267586e510d80fab314fbfa091f383b775646e7a87bc9ed8cd59bcded50405d6a,16.96,16
0234c548106512a0b93b2555d2638bc2fed3e6b091f75298383356258996230d92,16.96,14
02ae3c06f6db6a87ea874ef7ba86c87ab0041eabf6d8be0594582505b1fd5d7ee8,16.96,16
0388a2cd707ac944a2b0c8adbf67c4a313d24b6dc2ab2baba842f9a9eecf925131,16.854,106
0290fb6ecd5865f7a973e1d48ffbc2612f80f6a2defbd6a188928bd0492bc2847e,16.85,5
03012a23c769decc4fb40a92d5300692b576cb8dc887072580638b97911742554c,16.775,22
03c436af41160a355fc1ed230a64f6a64bcbd2ae50f12171d1318f9782602be601,15.982,131
026d9b9c8e55b435f117496e6a885fba7bf76530a5aa6f8f61304f84f9a31dda09,14.84,14
029a8741675c4c9078b577ddc4348d602d2fb45a12e6087b617925997a84f4c02e,14.84,14
02004c625d622245606a1ea2c1c69cfb4516b703b47945a3647713c05fe4aaeb1c,14.84,14
0251b2c9d22f3621f27188d8236db84d9fd84d42adac063b2633744638b81f34ac,14.84,14
038ddc73e450a4bfb52992b35be8b0f52e1a1b4726ff319249a3314a508b616cde,14.420000000000002,8
0200072fd301cb4a680f26d87c28b705ccd6a1d5b00f1b5efd7fe5f998f1bbb1f1,14.26,46
0276e09a267592e7451a939c932cf685f0754de382a3ca85d2fb3a864d4c365ad5,14.066,26
031c9a7f2243a1aaa88ea00665760cf8e74a4614d9657316b992dc350d624b22d4,14.0,2
0314ecd09f2c9887530ed99436a20dd62607fa0fa0a8d0e2f630cf27f86e91e5f9,14.0,2
02d7644910e8a939e4eab67de96fe4fc7f88e52c9f8da79591c9e34db7266295fb,14.0,2
03377f891367579d0cdfc2833bc323a1d01514eea40d48cce86d31e398223e0cb3,14.0,2
02f3067188240c75beb36477db63771f66c976f7e5bdd6f6ace5508396aba24815,14.0,2
026ab14e3bff403919f6150ef1973e60a6ae855213da9943a83578202c980e2e66,14.0,2
0230465203e24e014c0879067908f24cee03ef708e5a1b6fa1c2f816c6a5d41edf,14.0,2
02c0b38022846c6b6f45b30031859ac7c5fb0c67ec8ed5cce8409c4b438c267ffe,13.780000000000001,13
0374ecf61ed6c1208c42339f47decde2bc0c4393ac95f07827b3471e939d7eb961,13.780000000000001,13
023f5e3582716bed96f6f26cfcd8037e07474d7b4743afdc8b07e692df63464d7e,13.780000000000001,13
038b36a43c38f75cd15bb25394f1cd162f717df005585229182e62620db9d3f3ea,13.780000000000001,13
032271efcb35188ef00e3f28469a2bb18b50a5f2f325bd130bdac341af24e9b5f0,13.780000000000001,13
024b82d69859d63f9fce375041a34e61f4bfd445494b41d873ae7505322323d384,12.8,8
024bd94f0425590434538fd21d4e58982f7e9cfd8f339205a73deb9c0e0341f5bd,12.8,8
0314dc1c496290a33f8fba3e78332418b1c136d9fb2a14d4a181e3cc9a653ee2f8,12.72,12
0212864d59d5a902634c4a3186615446e9d56c17b14600f3b74fbabe3509aa707f,12.72,12
036b343eb46c5db996d3d1e2c6cc9742cbfa7e3b4146d4b4b0aef694b6d12960c8,12.659999999999998,22
034143d1a45cb9bcb912eab97facf4a971098385c4701753d6bc40e52192d0c04f,12.2,20
03dab87ff8635982815c4567eb58af48f9944d11c56beb12b91e1049aaea06e187,12.0,3
03a5886df676f3b3216a4520156157b8d653e262b520281d8d325c24fd8b456b9c,11.66,11
026c7d28784791a4b31a64eb34d9ab01552055b795919165e6ae886de637632efb,11.66,11
03021c5f5f57322740e4ee6936452add19dc7ea7ccf90635f95119ab82a62ae268,11.66,11
029d50d59c78b81a39f4ca40b6bc9b89710542a31429b69aa075b91b587979205d,11.66,11
0317d6b11e81729192aab651174991a32e566786a7abb45b88898ed27e218a15e6,11.559999999999999,176
03efccf2c383d7bf340da9a3f02e2c23104a0e4fe8ac1a880c8e2dc92fbdacd9df,11.495,5
03c492f46d8e0a6256bb9c5c42f2aed24717f70a3f39e0961419dee511688e3110,11.200000000000001,7
025cb2d324ae423d32984c7fc74edd7185b9fc9bd473d389f12483e3738d526600,11.14,10
021bbb8db00487ea8cc040533224f6bca1dae0b2aaf5489797eee16ebd2b6ad00b,10.600000000000001,10
0320e5b9f19a1c4dc22ebb751d757eaa5843262cd55a0f1b0d13cb5d445c5c78ae,10.600000000000001,10
03b1be68b8f564fe53f5456cf4bec901ba968fb72ed7291279ab0c87e0d22f1f49,10.600000000000001,10
03f02d965aea25de84613ad2be36573d2bd8c6d6dd47d9a516d233098c281d3ae7,10.600000000000001,10
02f9c7deb297e32fc3d3d55f336176055cd667a2fada0bd5663e7413e1aba55b86,10.600000000000001,10
03f9ceb115a119594b4688ceed35feb80f33a3dd0f5cf688a7493c1a7217633931,10.600000000000001,10
034cfb8dcb453372e8f13915cc770bcd7bb0f0809dd1b47c0c3b43b969ff9ff3b7,10.600000000000001,10
02445ff6a24e69242d6f6f38e1b7e8ae9c01eb9b660f3daf3304cb4b7cfeb79a99,10.600000000000001,10
02e7c42ae2952d7a71398e23535b53ffc60deb269acbc7c10307e6b797b91b1e79,10.600000000000001,10
036a33e92cda2679ac91ac0467acb1ba33396c0df1119521653e0f269c275dd6bf,10.600000000000001,10
0332052748755d74b3395b91eaea78b53bd64b55eb031ccb6a7ae23ac445bb6af7,10.31,38
020e56a13babec99abdc2c4afbe34e1e44230d79b234c059fd4ff1e367765fdb1b,10.280000000000001,88
024655b768ef40951b20053a5c4b951606d4d86085d51238f2c67c7dec29c792ca,9.600000000000001,6
02f6725f9c1c40333b67faea92fd211c183050f28df32cac3f9d69685fe9665432,9.600000000000001,6
024844abb8efc3262539fffb66cbb46282324894212a13bb5b4c7cae96744e5a97,9.540000000000001,9
032d4baebebfdeab7a2ecef2fbe109cbef10de95f05aa54090fdb687789547dbf5,9.540000000000001,9
0370cf2693c16b5dc1632ae69e4751a0a88fa8f5705d53cb4c9cf805e5ef57aa45,9.540000000000001,9
03de5163824c2174f0f0094217dac8095800e5e421c4d70a236853523d820f3e77,9.540000000000001,9
0373ca948ffd4cbbd08488c480aa7c43b57e9446c8ac6d3fe1cc92392e39e9eb95,9.540000000000001,9
022f3bfa1de8491bad95ea018b17d47efbfe713cd2da59ad5fc380198612b8954a,9.540000000000001,9
02262bbc21c171bc91a1d6bbf89571c95873849b9a60d3ea9671b777d852d39ecd,8.48,8
0215f33968047401f191b2c3203ece6d5781ca7f2c018e7795d5e5ddc05c8b4ebd,8.48,8
03e5df5eb4e8164c16d4dcc4d3a5bf9d4382036f758081b89c6825076d766426c0,8.48,8
03a8355790b89f4d96963019eb9413b9a2c884691837ac976bacfe25a5212892d7,8.48,8
02740c62f38896511eb98479036b06907fcac283f62d08b756a1e25fb55e3f6772,8.48,8
0279f930a60afe43131fd3328ff4a9c55293254c328f45e76695c1ab9b3c5a68b2,8.48,8
027ce055380348d7812d2ae7745701c9f93e70c1adeb2657f053f91df4f2843c71,8.48,8
02f3069a342ae2883a6f29e275f06f28a56a6ea2e2d96f5888a3266444dcf542b6,8.48,8
03a8334aba5660e241468e2f0deb2526bfd50d0e3fe808d882913e39094dc1a028,8.48,8
0358327cb80ab2a8db36a5924c62966c7b4a753045600df594aa3863ecb618cc5d,8.48,8
03295d2e292565743a40bd44da227a820f8730877bc3dfadebade8785bcf355258,8.36,56
03d24a4d2c8841890779f3c788cd269d467ad8ff8fcfdc21c8ceead42c7dd7f04b,8.221,137
03e81a5b8af31bc00a1c1c08419d3272b4982db02feafd739904df2edfcbdf6f7e,8.0,5
038d0543c2f838fc6229bd7b80df46d8bad9f30c874ee3ac4578c4ce6f57956f08,8.0,5
02c5371591b640da03f9a645e2ddfa5620d8537388b03ddd524d36766c0f550db0,7.93,130
03434a39cd9a537c852fc8fb72454086d726f9111e9f730cef4985c39c11fae944,7.5200000000000005,47
028b2c9ed9427b31db21ed75eac119b040cf3e9bdbfaa378cde8561cf1274b4228,7.498,7
02c69a0b4cb468660348d6d457d9212563ad08fb94d424395da6796fb74a13f276,7.42,7
03f456e8c3479654da4498b64c1aa80656a33561d52f3444f5930f5c4a410a6fb6,7.42,7
027c3abc90a51617fb9cf5162c2fedfd9832c620ef82b54e413e9ce0f892dabb0d,7.42,7
035c0730794cb324eaf7a5e79e066ef54fe4c495f1fb54118ef9651f7fb1318198,7.42,7
0319fec13dcb6df5b6a0cee49e85b4f6c48e5387d62d67858d6d46615b6e683f81,7.42,7
02ab9dabbf646626d32863e9dc81560e48681d2a49e0da3fbb4b4df11a58cc0fd3,7.42,7
031a1d89bae752c071fcdac24ecc00059a4fbb583ed15003d09aa94c8fd6242af3,7.0,1
0223606a0d738aad783a53c82a2553cb63ae256284326165b9390d2324107d5639,7.0,1
031f8e4c9d882be5b0976d9897f695bd6c66febcd8a67eb1a4f42b9f532f40fd18,7.0,1
035f3a87393269e9bfb594f9ed6d2d3551ff527889be510429a8fa99736d710fdb,7.0,1
023c1f3d0efc623da2829a41426b324245133f99840363435c2e98086de3494bb7,7.0,1
024a8228d764091fce2ed67e1a7404f83e38ea3c7cb42030a2789e73cf3b341365,7.0,5
028a2f0ca33134cfd5f655ed942ddcd9feb4a879831416bb23858d1d60154b0936,6.76,26
020327bbd6b7ebf577a041e24cbdc0b3ddb6ec4a2ec89e271260fc9d6fbaccc80a,6.720000000000001,6
02f45d28f3477a408d0d3e18a6cdedae9d58df18cf271ac84a0ce7d00699f38d19,6.5,1
037eb17d0fee2d20bacea3d78940b40f4ac61a5a7040a23b6e8280c80d7ebfb420,6.46,91
02d35ad6428b083d63575e3b0ce33e06c507910c131970b07dc194953b43a9794c,6.4,4
032ebdae3314f072acd70e66e18572e6ba27f96918009369585e7cdcf36af3cf9e,6.4,4
032b98bbdd48ca00300a627355900521c9302e6df363186a74e43213bcd3f781b2,6.4,4
037db7ce71ef503ed0e45aacbd346f3b1af40122d1d0eeb52d574711bb9a5bcf5f,6.4,4
033613d280de1eba995c7545e93caf76cfba41bef88c2d6732a67ce06c168b3acb,6.4,4
02b60ffca21d6c5fb784c5e99d895c6cabfc467f1233da38c158accafe5ed4c859,6.36,6
0398212beaa280eabc2223dcacf248496c59195fea23a7684888cb948baa9f38e6,6.36,6
03f78684b49e125d73c1801b3529f7d663f08ae7e1dd5db416fe69d9cb47b1c50f,6.36,6
02ea01e2476f9c6c69f720e369aa302b43e5c101423d7a5dc9f0e5834d1b152fb7,6.36,6
02e5353624ec2180f6fd1b584dea493b91f982764db8e2cf520a0f1d18cf0f9d7e,6.36,6
02cb2677db78e50a6d178092bf8c9b1f0e7d4b9a2bed918bc3f276c89c1649ba5b,6.36,6
0246eaf6812013fb860306943f79a0e4fdc5971d5efaeb3cd58049545803bfb491,6.36,6
03ac2a5d7df493c67195067dfb38e7e250c89ecb4fe5c2d918fc31fd9a08695516,6.36,6
031d244a60d61936834f290656cdf0ed4b9979260c19b07804bde681819f8e14ca,6.36,6
021802799027508e8a8bf9a0ab96ea78a6a995926a0b1310561a74375a06e14de9,6.36,6
03321fab5e3db6c378e23e9cceb522325dc4f6b0c68819944569128d34cba9cca3,6.36,6
030a4f1cb85c463a4115b78900f0159192f033324c12c88aec931b16b27abe22ad,6.36,6
031f8400b123834edd5736de9aac14ec0d77c11bff27f5a6eb0da5f6ce66ef0975,6.36,6
02964c50e89786896df7e5d10d7bb6995b0bbdaf891ff24fbcc52b75aae544e514,6.36,6
0223390bea8aa598442d056ace37c07e7364da1341b3681c371f6619b2879c0af2,6.36,6
022457e61da38e1a7cac56a054eb0ef225d84dfc6b932dfa119ad7fe6fbecdb71d,6.36,6
032c4b954f0f171b694b5e8e8323589e54196b48cf2efc27692513a360cb11d76f,6.36,6
0210a8a60f869a0054374540411e05d7461b6655a2e6f10e873d0e22715939fc56,6.17,7
0237fefbe8626bf888de0cad8c73630e32746a22a2c4faa91c1d9877a3826e1174,6.0600000000000005,51
039d510570ab6e65fc8fb1f9ada5b63dc0f703a8d7dbde2fc11fb6f1e5810f6bbb,5.76,9
02e2670a2c2661a9eea13b7cfdcdd7f552f591b9ee60e5678b7abe77b7f9516f96,5.74,79
03a76b80027d7c067e0da77da95880faaf89e9bf87b73a7d57bd4a3f2a124b764f,5.52,92
0283065d6d5b1fbeaa1f21e62755b4b834c4fabd2765d9522f5a79ec216fec3013,5.409,9
0384d130bfd760b6e9e1155963558367533552ef971563a72c6c5cb117af9db93d,5.300000000000001,5
033181a72d4d61c6f3138240d98994e9553726bc65c892e9fe7a7b728a54005a36,5.300000000000001,5
03fab7f8655169ea77d9691d4bd359e97782cb6177a6f76383994ed9c262af97a5,5.300000000000001,5
031ac677972619e8e0a1b40593e01b04280dc4a18a7a9b5cb7c6e8e2673e31f644,5.300000000000001,5
02f862c6087fede397ef8bf09eb4f76ac1b220dcb73aa3b4a41bfd00a2b7113162,5.300000000000001,5
03cfea6e01d8735d29863d0ecc0f637e5da25c3afb1894e6cb1c25cc9c52dbceef,5.300000000000001,5
032060a40a94dc7b848d02314e4ccebe20f451dc87f28c1ed685caa58bfcc3989a,5.300000000000001,5
02f9f2ef60e438960698992ba8ab9b6f09cf2a5077f261e5cd7ee5cdc154fffcb2,5.300000000000001,5
02f24b1e34fd87719377d6aa74864988e23d7b0c80dc6a631f7afd3979fb09949e,5.300000000000001,5
03c2c348fac3e4953a797ba632ae8379bd4ae0ccc8d2598b7207eb62019fcbd875,5.300000000000001,5
03f259a1908e98d3b618c79581e0ee04295a55e2d61e609db40f4e6f38c526a46a,5.300000000000001,5
03ffbf7ef99f52555d40b3eee011dc6042541fa5f49629cbfb64f8c1730726b101,5.300000000000001,5
0291831e0f2e8d48b2b76fd0624845c4457ddd2bbef2a1379cbf3724aaff59ef4e,5.300000000000001,5
02391075fbaff5b7daab0f7aa4ad8ad70e07764c853574f20a848235594490c6ac,5.300000000000001,5
02a15d043069892b1f93bdf4bf0160447afd61f7f23548bf1c56d92fd9744281e6,5.300000000000001,5
02b974116054be17576e6e8ed4110422e5a9d8775156fd829aa2eeb8aded87b290,5.300000000000001,5
025537b1ae30299f02714199843650b58adf2ff59a013e40e56bb1330fefbe99df,5.300000000000001,5
0204e5a5ff14b090c1210cb99e7e616f840e0ef1b08fc9a268d13b7a2e5e997845,5.300000000000001,5
028b3ba3aa14be49e5096758c2b062114251eafd9a3dec502c64f3f079322672cb,5.300000000000001,5
03beddc8adbf7d56a7da15cdaf95d97b24d07088c3571b421c0e6f9d551a210342,5.25,5
02cca6c5c966fcf61d121e3a70e03a1cd9eeeea024b26ea666ce974d43b242e636,5.2,4
031d2bbc75802689312220a017c6b51fa246efc59c7aa9355f6f7395038ffb4d6a,5.185,85
02de367d7c2610a3f2d5b831ffdf6b5fe07b5b47a539b68b2976b5a807777d1456,5.040000000000001,9
020b939e5146cf4ead29e64e9dfe765277ad9c623d80160a2aca204f3ccd550567,5.040000000000001,9
02c1ac5cee87e4f40f24ea4560ab0e63f398ef5fb630cf50a0e2f638ce51e3169e,4.800000000000001,3
03975535656e13c2b0b534f601d5f1f6d9ea4b13745604e8619269fd00ce927ae3,4.800000000000001,3
02ccf167c482cbcd41c9a3ff3fe05504368db8911319d7851186b097a509d912c0,4.66,11
02f40890af885da4673f0ee9725ee74bb2c66d6491cc4334056a2701057993e61d,4.48,8
03ed88bb37c8c53c509d9a355e5a103614ebd30c98b7895ea4ccaddee262db190d,4.300000000000001,5
029ccbe1f4835d0fd4258d215a03a3ba6860ff2c49ab58b9207aa27455c5d1815c,4.26,21
03e5a594f574f845409d474c105c5d233291f94d1fba4ee6a4de595c576bd2f4e1,4.24,4
02b414e4e29a685b8699152be47a0420fa3c8ab59629d2da2d6c0a95c582636350,4.24,4
033ac2f9f7ff643c235cc247c521663924aff73b26b38118a6c6821460afcde1b3,4.24,4
027be9e7e2bc7ec87177ac298c01517ef46f979e1e3acec46efcf7a6f1b3ddadff,4.24,4
026ba4fea7ba82e578ce294bd168daa25f7950db0409c15145036f25c905ccfd9a,4.24,4
0232dfb488b67c20883a1dbf32aa0b65f326cbc0cd6cef424db7acfb7f514aff0d,4.24,4
03c73e43e92fab12af3461f723901f0bcdabdfdcf9b74973ad876bf0bff96a8676,4.24,4
03cac8425d15440dec66f7a86155f2f457301aa434a6abdb82af2252ef477e7eb0,4.24,4
03ab2157b6b046ad0f499d3b6552acedadeda7a09c6c3542df52efc2ac8d756b0f,4.24,4
03a21c0c2a4fdc1179f07710c32fe49804d3e2b0b1bdc760dc11cbf116da3bb363,4.24,4
03961c8b69c7e8e52a49d3f563d9b6160a2a235a19c8bc7eebde35fb3ae6fa0c32,4.24,4
03a9b9b4d5bff67fb90d7deaf7db842e3aa5e3abea58fa488a8af3d163679107d7,4.24,4
031567fdf33cb9b4ab081019199295ffce38218751842a403e9fcf48778e4c3022,4.24,4
0303238e8f3e25a49da6c909452e320130f3f45e474df08dde7ca9a25f008b2b87,4.24,4
034a0fa8e6d83688f3e19c2bcb93fb9d6f366d6c937dbc3c744cb21db6e093958b,4.24,4
035f4a5671b2dcab14b3e610ca916e9864c3203b8f4bb825cd8b5732e02f864034,4.24,4
035f804103054d1d24aa4b1cbe29a90c06af2695c93adb6e7501dc143cffbc09bd,4.24,4
0353308936d64e44970186cb43f215fbce1e2ab8631da17c545fadb0a79312229c,4.24,4
0204a2b95b4c208383d7f02e741a8bfd5b5b7e8bea8d1543b1255da8342d9f2c6b,4.24,4
02d7cf25ef92bd4dfb6aa9a0e7d955a1225c5f168328b771c6d194fec359302d30,4.24,4
032e42afae47fafc446608e34d42c4483179014a49aa409110108cb00617395910,4.24,4
02de4ba1b08b2895bde816f012d4b4a5fdd797dfdf6443c28db183ca4a83043835,4.24,4
02e4aaf7c4f4b8ccb105ddf90ff991a76d43a2b732bac12dda043add4ef51846ed,4.24,4
03620f31cf2bb95bb70c8c7bcdaa0698cd9bc7f17987290338af301eaa28c351be,4.24,4
02ec7ef744397834c3015fc6486ef9d5d51820fddd42d951165f74b3af23591f17,4.24,4
038118e0490f8d3df07b6bdc5e7034dee90d769012764d31bfeb167269866824f0,4.236,4
03345d99a94e2fc8a69698f8bbec6bea5a4e8dbaf8b313085bb9710f6014765e45,4.2,70
03c4bb19c3a388d790968328b0f0d187a1a28597d3ad082200a47baadfdb6aee8d,4.0969999999999995,17
034955913a44e335be62b4e9ee33be036f72d150302163d2cd02ae6546ce9ce899,3.7,37
0269b91661812bae52280a68eec2b89d38bf26b33966441ad70aa365e120a125ff,3.52,42
02731b798b39a09f9f14e90ee601afb6ebb796d6e5797de14582a978770b33700f,3.3640000000000003,21
035ee4232e84202c4c7a70f479beba74a424b7ee6235123400071844fa2efedd7e,3.3600000000000003,6
02f8220c901057c536fc8b4fdffd4f88b8ddd9cf811af03bbf85dd2c1eb25a7262,3.358,26
03a7daef60143b48b44769ff0daebcbd1796ca49d346bab7617ced5754e5b5240e,3.3000000000000003,3
023216c5b9a54b6179645c76b279ae267f3c6b2379b9f305d57c75065006a8e5bd,3.233,53
02d4531a2f2e6e5a9033d37d548cff4834a3898e74c3abe1985b493c42ebbd707d,3.2,2
030f5bd59457dba436dfdebceebcc3206ac8dfcd40bb1a616942253c3fcc5be174,3.2,2
03f810ac5ca2edf9e7908b4edf98411a26b555d8aee6b1c9a0a5ad62b9359aa546,3.2,2
03baa70886d9200af0ffbd3f9e18d96008331c858456b16e3a9b41e735c6208fef,3.2,2
035aef5661e1a6e370db60dc0455796800afd5b51fbc12a0a8b34836b15f5d7ef6,3.2,2
031ad40e94278c0f90284831a4335cf59d17e5de12c249e7ecb3c2a4901fc435b1,3.2,2
03f47ba61341a704b0910b6d1fc8a938bb97152e8df94dfc142816d2721b5d5c73,3.2,2
027c3b1cc5a649d5f6f7be2d591e34c37dc146fbed54d7f4c85898f9330107fe1c,3.2,2
02ef8eee471a04b6f5bc9eb69a2ea9625e71f3b93a5ee7dc6350474730cd1f29c9,3.2,2
038df0bd2fad1bfe42d177f18ea5e33543e2b855ef369d06bd94b81d2c87187c82,3.2,2
03301e633b25d769377bf75ce6b6ed2ec570270bc06c8c02bf33c5bd2aa47da098,3.2,2
02251c2b931203848152b1c52e63ee91c74f53b0bfa8dd634a9b016d7b77c5afa9,3.2,1
03a46be38d068c2bc5af3fc13da840790ed5643f3d6d27e5e34d67ed2aec16ce67,3.2,2
026ba13a7a31fb7bdf7a5e592a2d82668c17d133dd9c5bd295ac1c199ccd3eca0d,3.18,3
0327e003e3c742db9a77f436e672bd42bd4a302ec0f92f0486c4fe09143bcfb0b9,3.18,3
03a17e8ec9570e1b71d1c719aeeafa88b0604068863dc88028b490b96c2898dda8,3.18,3
0330f0afe893e809d8790b26b40d9353f586ef0894d4ae704d06be24538c030457,3.18,3
025ec98aec0297b115008e29628762a6f9a6b14fae97aeb53d63a86e193374852f,3.18,3
02425af7b5f27f324bd3312bc19b58ef9dd40a6a7cac581b70e0cb2f3e31ae77a6,3.18,3
02396bf51e81f8f67eaca3652271b4fe8d3f57bedb9578af711606391c5c66760e,3.18,3
02536b5baecd44a5d3e2fc85c32b9c42eb6f8a5ff4e5fa515d0acab9112d58cf75,3.18,3
023b7dba0075975778c820a56a157de5eed67e988e6c7edd723af73ad20e4463ed,3.18,3
02628d8e2f33869db7417c8da48947d441dcd839e0a3ce5e91f9c790d1131cf9f7,3.18,3
03038c30c32821a3f61eb37d64347575bda0c609fa0b4238d45a138947e1f4edce,3.18,3
0238107198ba9e0e5fd5a0c67eac88e3633072885397c5925205891f8985e52078,3.18,3
03f6909c9c7f32df56567e7b8169c58dde716d341dc714b1596e3f4d5d647476d1,3.18,3
03ef1ec55ec0c5ada35a40fa5f6768be485bb2a354dd034a6c72ab6636af6566b9,3.18,3
03e90fd715dd766a0ed532dc1ba45e5fb913b1dc29d5afd9b700548d98d53b598c,3.18,3
035392249d0fa141c2607f3e97df94ab075fd386916a774df193158522ba5a9146,3.18,3
03f67075b9baef9f6de52453ec739cbd2717a653ab003b9501b1f6bd467f8d92cf,3.18,3
020de548b86e373e795e37343c9ef6f972d45ade479cc71ed5a9a7dac2588d0a37,3.18,3
02a0bc43557fae6af7be8e3a29fdebda819e439bea9c0f8eb8ed6a0201f3471ca9,3.18,3
02c04f0c872ba0176f912e46ace98d5ec9b9ef7e241cdf9d245c687fe5f1209935,3.18,3
0215bea618806194ad88b80de8bc11c6391edb2fa1beeea6174305856596faeee8,3.18,3
02059220fa2153fb6d7768d7d67c6b86f441f83b7046aea492f2018f7b800edfa9,3.18,3
021779d56f6992431e959991a664d678a2f41054073adb48c5a351d791c9cb0781,3.18,3
03d13612439b12fa96583ab294461e07837729769cb62d3e9f792a0a3dbb18f6d4,3.18,3
03c80be3937717b502e66dc6cf8ba2881c9e68a8398bfa08c2866babfc88a729f3,3.18,3
03c613267a1745d08984621be6a710487cb97eb595f7672a550cbd10a6f70c873f,3.18,3
03f7e29340c307ee37db5734834d34e3f286e2f70c6bb92b0b12e599860cea6691,3.18,3
02282cfc83d4e4ac088a654184be62d7de0be6298e83af39431f9598c8c5631c09,3.18,3
027af98624687e3f6a51683344852d9eb122a51f49477434fe7392d1cadcf50539,3.18,3
023062afced94dc97f5d756f94099b46b25407df418d3b4cf43d03dea3417cdc43,3.18,3
031157d786ca2fb7b86f330366db3e0bb6925b336d285ed40705976eaa68ead610,3.18,3
03a5fd566492a69f3653ca464c23d8678ec19634c440baa9a1366c9b39c89512cd,3.18,3
020d41c5a32f06d7addc7378f2d4a6596358d8716a3eb5d5bbdd894a82a1fdd00c,2.974,16
02da8d5a759ee9e4438da617cfdb61c87f723fb76c4b6371b877d0347abe953a4f,2.82,47
0335f1fcbb62b9490d0b4007fa158669e42f08599149b2cc54ed1d36888737e6d7,2.37,12
0213cac619573fc6021aca72ff023e2d8df65a6df5286c3d52947024cb1332dec7,2.24,14
02e389d861acd9d6f5700c99c6c33dd4460d6f1e2f6ba89d1f4f36be85fc60f8d7,2.24,7
0207d58b94bd3946bf7eb8c27cea6cc29d147485efb33f284894e59062592f398a,2.2359999999999998,4
0356c02ffe265f8ff38471e901785528d3da0668cd0a590ed67ee809d929c9bfd4,2.12,2
0354d8382003663d8d825954224f80dcbd740b5031c5a588277a20c75586d41053,2.12,2
03555a11db2e0c3a97571ba144076adac8513d68a2cdf19580e2dcc54b25b78a3a,2.12,2
026e186f6cf00009595c9083980304f0be65c8c3736b63c1c9135ef9aa952f644e,2.12,2
03587466207e0ff2787d23f5567ab666436f04fc0df7c996b69701b7e77900993e,2.12,2
0363f6132fa34f0cffcf18b94218cacff7fefebbd085ffdd0cb1bd37d12461f685,2.12,2
02cf3cc45d8fee5055c4ba5a58fe22ae973685fa2cb43e2c5b6454eaa1d08066a8,2.12,2
036ac04a69f2ab587fd83c4f2aca255a81f138276fbca344ac3ecfae28d733be56,2.12,2
036f709187264df770bd453270a95b579595a42cd89eab2ea437dfd537048a7250,2.12,2
03fe493b887b492cf5a88f92d5e00b5119b6d905c7c68c660cb2f8cc46aedaeafc,2.12,2
02005dcac896582db30f259c17bba1849a9e1127f60d120ec7db69c17ce64d749d,2.12,2
03e87608a34b8d715c0e49c7e8a2adb92fdf496e40a9b1fab2f0ecb32b502714ce,2.12,2
03e843665ab212ce90ceb6a476fec5d9724013542f8ee1df52340c682c03a67db4,2.12,2
0214ec84c84827dd4911de56d2ecb77d367c6f24c658b8acfe4826b01968e45594,2.12,2
03e0114d95ad6e7bc8bb8602fc27d44105527252952ae2aac197883b661d7c8153,2.12,2
021e6d24ce6ab022428b8f047ff82d6029d779cd3eed2e96254444f13bdd7ea796,2.12,2
02267dfd3548c201bcc74dbe067748d1738f58a84fdf46063a2396102b436851cb,2.12,2
03c1fed0362d189345606072947a5b9594ced619d7df0b30dd946f5d4010c676f6,2.12,2
03c1a4a429bec19c8f86b799ebb06583188f74dd0626f69f8303ff7f53cdc51110,2.12,2
022df3659d511f156e3ee91ef608a095ce3399234d374c7105356a36a904469372,2.12,2
03bb23b522d2a5d9c239addb6b788c4c1b0ded20a6a6d87c1b041fcd40fc21d2d6,2.12,2
03a3c2c47a5679aee396e8d51efc5c6b1e181fe3a1f7e7c7c89c33fa96d5faa577,2.12,2
039fdcba660a31be8bf8d2f3b9b2dc58c0abcdf09db81a063fa2aaa77c5813cce9,2.12,2
039bcf7778ad7b14cf5974cd2705b06a58a8bbf564ca1df4791100f81104716624,2.12,2
038d8ad0e91f31388608435fe9268177db539802b9f3e325df023e2cbffd9a1cf4,2.12,2
02466ebef568d1cb84430ca695e1488928a64672cd891d2581638966f14d6ef78c,2.12,2
02480676e5bda7b6c902e316c5c57b14cb7a855c287dc927f8c42abba503d64bff,2.12,2
0384cbcc619ed15a7b0d3ef1dabb7adf554ed58ce93ef3fb82bafd046e82f4fb97,2.12,2
03817e6563dc36585b4510ff5fa50c0fe9a763ef14aa0bb8d10ead54c99c2da41d,2.12,2
037fa3a69a4d93910c804dd9d05e45a57c139141d1e628d5512f3f31af7d697aa6,2.12,2
0256812a1cb2539a5500f3c1c20db5ed7626e3878a552e3356c032c7bec2b3060e,2.12,2
03728053580578793c83d47f235b187f513dcddda4135e7764f53e40c6d2adea69,2.12,2
03aab2f1cc92dd1ab8e5052e796b87e01ff1a2005805ac5608075cd0b2b5c58428,2.12,2
030ba3e4b6b3f8cbfae2ff7b243bfb12a2208afd17dd0fe0ab50e5b0c1212bb83f,2.12,2
032a438e14dde2082aefd287d52664d3ac99c395a99d5e6a87f38778515fad75f7,2.12,2
02fffb0baa1f8a64d92c8b4222278c33a9c16d0f37bba24104c678fd9e4e7f57d6,2.12,2
02c39f43c8fbdcac05b62e92b9f144b9719de14f39e6714a6a67f67aa4872c67a7,2.12,2
02e9fa6b495d07ce19796b06b5c0f51a401dbb48935c3aafe54067c89299add0ed,2.12,2
02c1129d1788b698324cf22ac52928a031abc23389ce62c0c45a2a9457f0e401e0,2.12,2
02f5317605dae7b05351696f20f191e1c4c2a12d3228ef460b65b6b7dc9ad28bb6,2.12,2
02910ed1666b4f1df6c53574c00f22c6b19df69895c048b5d49cda9a20ac3d8b52,2.12,2
03277a99c297a53859b42a9bb8cb2c5c17b9eaa44509bae150e2ea35ca5aa29bd9,2.12,2
02b8db36a01866d78cba98109886495f3c13c4b3668a8328b582a0c4fa460b4e8d,2.12,2
02929175ac215cb282cd965d21b8bde87cf18828a4824f6a6e12b0098631b9f535,2.12,2
0292e8060da527f77be1db34a2a9f0b0baf158094e7424970806d5c9f90f4db312,2.12,2
030043d0a2cfb69d80867094eb030f8abde7a5dc36e1a0faece73e614cf779bde8,2.12,2
0282734a2ca9bdca61859c71efdc43234ea664ecba9a785f780c6eec8c80243b45,2.12,2
02ac68441b9f203eb21d49bcaa7e932c7d4260f1b8cd504c01d6e67a0d0949c0f7,2.12,2
02a94aadd09055ca615bd76aacb6bba748ed8a0d2e5924aea643e3dc3912085314,2.12,2
031f751bd251f6682dea57eac04275a1d8e2abc5f91b8fa929f8730bc292d56536,2.12,2
02a67fe8864f59d9ec443a9b4a70b0e12dfb791ac2307a460f6ca94c1bc9a1d8d4,2.12,2
029afc726a18abc8dc75ef6c9ed34354c275261086597d98067dd972bd72965943,2.12,2
031b3971363f95a2c645c96da138f9eec0a82ec41108d8c1946775e8f0e6638339,2.12,2
029f2dab31a96c45ebb750533fa552f4f1fb555b721cb07565565584d31ce67a34,2.12,2
02a1394d82f8cb61c2380f7622760f5761da995eb5162abd6416189323c59218ac,2.12,2
02a3f6b694fb61c9211652340e5a5b0eeccad88701879ed1020ce5dd476c3e9691,2.12,2
02862de4eeb24594052ca26c0188133f89d172edad1bc5b59e740af3764c89aaf3,2.12,2
0314fe257ea2941bab491bd8055015a84a4324e1b0a76dd97e72da037181e2b826,2.12,2
02d87c093848fcc3d36d42d0dd0c44eb6dda033f399783a6a78d93408bf4227851,2.12,2
03487fa0212243e20cb6504d5b93a144d0bc4d83d3d8a083691037a8892f9e5522,2.12,2
02d98ee97760aba8124606c177d0e4c246fc6cd7bd8f8bd3857f20805a62ecbc26,2.12,2
027ec64ca60f1ed7e740b140104af57b2627207861342154ee554da96d00ae11f6,2.12,2
033cfe09030dff97391e08cd08c77834efcb44b706bee7ac7d0866b02ed67f356a,2.12,2
02dce7cacb2827e75b31ea694045c3736a234d629483cfc43eb7d9088c89e0c803,2.12,2
0336bf99875b31ad9d78f2788d75bcb3deb52ff71ceac1ed96c5a6ff8aa3a429b3,2.12,2
0348211ee76f3719b360d3ec33ab58f6ba2702ee8b5b579c4a9df6f9b78db70223,2.12,2
0384417e479afb21bff425f467382f9c064ac08bd422ea36542fa6799e026d77e6,2.08,13
03f09c85dae5712b682d28bf2bf558102f3e5a6d27ba2a1daf8da49984c8ca53b7,2.04,34
02ba3ea3146bce6cb5093c1e6dee21a33faf1fb38f2bc1dc805038ebf9f2ecbeab,2.005,19
032b71cc07ea5ff346e7ce9eddad0b55d7e18b788a1e6b4dda3fbd3a7ddbf79bbc,1.84,14
032b12c7415455a1000c43a56ac21dd72472e62ca7dc456f4a66bb8463bf8bfed1,1.83,30
023d280ae29f84dcfd289eb66b57227fea3a7bde97ec2869923d3c4d5c6a426028,1.6,1
02009947c197575f5a948e1e4343c41dc2e6122a9bd644629afb919f30e1115ff8,1.6,1
0394396e6e8cf8d9f91de4269dfd2e8416b93b91cae6139057c7283b463e4bfa31,1.6,1
039044f8cc91c1069f1747fe237fe0e1d626abee240eaaf3f9b21b99fd9c8231c7,1.6,1
02c2fab8d99106ce621cae6d35aaddcc5a13f6ae9c65f2c9cf2adc6570dc08482d,1.6,1
03939ff69d65a13c4bb2585042e7eb7e75a7c77289ab5794d1b973721d86c6839c,1.6,1
022a94ee8d3b1dd52066b33a46a8f1f7ed0d4a9dcf5b0f310ce52e94a392a79299,1.6,1
024b8019795ec753fcdb1eb21ecd319bfab6a8b05e017f357dc5f052a181fb8c91,1.548,9
03f18da23535adee245903c81750745197e3079d3b88b3898981c90a5f2411008c,1.22,20
02c58cabc78496cb847adbe4af654b2b0b94c54aa829840edde7777897a57e9db3,1.22,2
02d11c4c4f986ff547288d873f6a33758aab744927355b01272ee560a3ba44d01e,1.22,10
03fbe1c1baedbc99b2642ae524d9c2a6f12b771a3ab91e0f56ca6efc6f7f7d53b6,1.18,1
029aee02904d4e419770b93c1b07aae2814a79032e23cafb4024cbea6fb71be106,1.1600000000000001,11
0325d3075b0ee0a3630d623d0fcc6ca5cdc0bdcdaf6e6e813e1be02b4e5e246ce2,1.14,19
03952f8756c036669440e06c782c7f21732886ccf04052e0e6e792f8f5a490f6aa,1.0979999999999999,18
0301a6aa315c9c1812e76cede5f1d107d01e11c17183889ffe3f613a33e5972318,1.06,1
02b63f62d2109b05deb45d18dde6c829d1df4825dfc104f858e5ec165bc6b11690,1.06,1
02d7ca7aae77a43a65a50cbf806cf7b43af2f89c1cf331f98a3415263fa2031368,1.06,1
02b4cb8be9077c3b14d6aa575bc94adbc0e08f9f2dedfbc5774ded9095079740f0,1.06,1
03f38829a9b9131e3a0887ca21fd042f2d07bd7f151fffefcc3d1585f24c1b3e7e,1.06,1
030a400157099427f49f5001115bed4bdf82c7b98c904375ed0c7bd7ffd29273d7,1.06,1
03f9d34e9a5564064730e76b2566b8185725fe5143dda6bdc35ba940687f9c980b,1.06,1
020211194bc7e5830673f87346e77f125c9eca59b308c041f9a54a62be8374f344,1.06,1
03f86226c21a84c2596c24ae70102da3f409e96d8b8766eace2e9724cc78de7314,1.06,1
03b606004815af3f6f38c828135f52cd40e405a2815c19c4243799674e128dc910,1.06,1
02316000fd8baccf0ea45cadea711663feed67b68997de307e878441be7e9de34f,1.06,1
02d776ab8db0f62572e0435a70a5f3f3b2ee803357cbef9f915720a9d377a71c6b,1.06,1
030d609a79a8a0226b9ec3d76fad79ddcc7abcef9f65a64b46d8bbe2fc6be14705,1.06,1
03aed93a4d0ef60f7c5f4642a096d05a41e217ad4977fed3fecb638879fbc884ce,1.06,1
030e387dbd1eb8d31f721cf0a055f6b986ddeb0e8091bae4e0baad713e91d10209,1.06,1
0232f15308269dbeeb8c34e1f5d4d1c297497c7eefe85f8afa7c3be7c04843d06d,1.06,1
031015a7839468a3c266d662d5bb21ea4cea24226936e2864a7ca4f2c3939836e0,1.06,1
02a225ef7077353b74179d8a74f1632d3ed45bbafbeb1ccb5470d02a6de79016de,1.06,1
03b95f2370e01edb922ec243f9741701a6a3d112b3df8f62c7a08d9f5cd71ebfcb,1.06,1
02235e7e27a75a9626f4d6cee16ae1d75e6173227b1c7ac7993e036ef1f695a73d,1.06,1
03c561e8d04f54a75f4fd6a52123ac029910b5193ac82b8732d8c3d6a58ffc129f,1.06,1
0217f595c689d9628574d1d5ffaecaecf85e3b4b21d98872eeada228a13b644700,1.06,1
02c921ef88d90e8760b31227ccc82dd8d4bb8082d636935abcde0cde4827f1ebb9,1.06,1
03f006cd6c04920a63902df45be3baa4e7df82eed9c1e7f46e8441d57199682fa3,1.06,1
02e5139727514cc176529349cd69b1a0c6faafb73b33a34c9bea4f01fb40e3cd37,1.06,1
020b95133888176c1def9d03b5426aa13d6c5c7f3406c946441ce2eaab23c40834,1.06,1
03ec0c1e45b709d708cd376a6f2daf19ac27be229647780d592e27d7fb7efb207a,1.06,1
03eb4425070e2d1f3ce13c550e8e02307270039aca1a0603b9c56193923cf66324,1.06,1
02dda24009e7ac8f7f8d0074e831f4a5e8ff5a8f6f72e069c798f5feb40ceb6227,1.06,1
02ee8c40b64c2bd14bba4a7a7a80b06065f3a683b2f02b9580be5e8bffe201beda,1.06,1
02ee8c98a78d8061f6c9c09a9b36b05e02e03736609ea5e5eb8afdcd7f7163c50f,1.06,1
02be8a7c6e669047bafee5091fc65ecc00bf035eaf7be5774da11ffe7f171f1964,1.06,1
02dbd9298c0e87143276440838c4c3b6adfd183fd19c9181cf38a550c6ad216b51,1.06,1
03dcc94ab317def2d988552e8d838d20cb5e86ba93c86098e43ba366fa843f5357,1.06,1
0219cf91de41d70a8f955697601ad5d18cb068e84060f9cbb7aa9dcc4138e1d9af,1.06,1
02fe9469e1d7da69539e365c9b2a64d277ed5589622cb314dc8b3060f3c55f79e6,1.06,1
021e69b1a4350fa21263f184ed821b7850ba941dfc108a26779111d171c24ebe53,1.06,1
03d2a44997a0fb6deee0a31c389d9d6bcb6f929f1dd0ba67201d195f2b3c76087c,1.06,1
02354f446c12c9759409f533cc180dd400ace7e2efd93d4791c6147a883ca37cf0,1.06,1
02cc40fe49b394bec5a127da528f45279a1c3edbe40fa12b85e9c465ae3373b46a,1.06,1
03d27806a058fbc2095b42379e71ddc97f0b698435c49b35d970cae5e0ed4841ea,1.06,1
02f64aca3b9d52e2f2cb0f137fbe5101db6eac4695510f32ed46c50004b7ca1fa7,1.06,1
03d0ba7c86a3c37a6ea564e44ec798de0a6a107484d778a40a55040c6326833c69,1.06,1
03cfcf239f16d4aaaf05a377bddf04378d5bcb0620317d508ae8d011b0be08d95e,1.06,1
03cf4b2e2d09408f448535906ef1241092afc0bb51d854766605d6241e63aafcad,1.06,1
03f7b3bcb6f447b5ef9551a54accf3577e64f070b711e670dde34fdf21166e4463,1.06,1
02b80cabdf82638aac86948e4c06e82064f547768dcef977677b9ea931ea75bab5,1.06,1
02d8be648914ac46eec73489f333057fe559ef3799adf13b14842260be80a2f847,1.06,1
0318699928e2eceeaa96fb480b8563c8255b83d7206fff11d410c40df120f4a0fd,1.06,1
0361373e89c24abb40998754e3d313543f8308bb254cca965eb8c95c9bc6c2736d,1.06,1
0237480cd2c974bfdb034f4effa8030885c7d3645c0a6e7b6ea99dbaf37e150497,1.06,1
0290d863a9a022435f1794742167425dc660cfae87dc26999f2adb773c990e8a69,1.06,1
03634bda49c9c42afd876d8288802942c49e58fbec3844ff54b46143bfcb6cdfaf,1.06,1
026ac9fcd64fb1aa1c491fc490634dc33da41d4a17b554e0adf1b32fee88ee9f28,1.06,1
02868e12f320073cad0c2959c42559fbcfd1aa326fcb943492ed7f02c9820aa399,1.06,1
02894f48a1d5454700cdf879b0ea69285aa5ca2e4e387d8c68d92fddadfb7bbfa7,1.06,1
036d293ee276b354e153da13c60b7df632119c380d163eda73fdba944d2f9cd847,1.06,1
036fda475a47bc45f90ac43fd61c3ab8bbc0bcfed64aaab46d6166d6415de4e056,1.06,1
025b59ab9bc5541542f99688bb42df49404dab8fb32454387c7b1be86560ffda3f,1.06,1
0361c37f8b01ea5f0b926abded5ed0300d5130a0654b0b5a4ff6241dfd0316cc15,1.06,1
032a65fc24a44ba4334fe69ef9bbc07e299e5be956e4332347649312bebd51a82e,1.06,1
0377c9f9105f3decdd06962f164001982de9f26a28b1f21a1a9ebcc160d13e6574,1.06,1
03783fe0ad682e695e1d132df84222066d483599b5b49b879a7c6aeb66f57adb56,1.06,1
037adcc69c3bc426516184dede4078dfa81a0d8131ae95b37d90e68edc89731f41,1.06,1
032a57d7e327f5be21d4fdc12b171b49a75a19b34af428699a7dcc06a9889ffccb,1.06,1
02911515d46e371eacb87dbd5f513b03ab23031d17c3668293a8cca5369072dbea,1.06,1
0285320fd498305570792665e689d6e8ca2584aa6eefec8a3b006d855b581c9819,1.06,1
02d0d487572a10c1d4dc486f03f09205c657abc471d0f3258ce37b034b8c917797,1.06,1
02927ab17049257f50d909d760bebc80ccc267edfcc1346430a04de9e569b1e190,1.06,1
03405f42490b333b4875e6a4185168fe3d0382e33a637cece699d23749c16cc148,1.06,1
0349e1165104b5606b94fa8e11499106f8e66526b497dcad6cc22d64987b0808e0,1.06,1
034a6cbcc24be5ff1a3777e047933898ec6557ece040982cade99a47026c7f86e2,1.06,1
0279213a94ab9a2077377a4851c740da4b32fd8786d9d070b0454fc15a71e14afe,1.06,1
034e2d76ccc789e7a79c4fc395a1f5810d614a361df7daf0b4647f976eae932d4f,1.06,1
0351909b8ef735e9ed23df605eb3473377fd6f3c39f8697d4e9ea3c50705c5b6a3,1.06,1
027a0eaffb8e103f9059d2d40b7c2d8993affc169168ca1808f752ee36ccf196ee,1.06,1
033ec518c6ad5b565a89215d9f59c9d6dd2ca3d757b4c8fc4ea28eeeb0996ff837,1.06,1
03609e92ab6dff378b6a7aca6f856bf5e9d56cadd622bd402a9b03d9a583c817b5,1.06,1
03551b474fc05ee3196fc141a886b1f141d0b1405171de86e5d17cf7a8ae2c48ba,1.06,1
033eaea8087654758fc0762607abb6c5834ffc3bb3601efaa8b91ec397ee9a543c,1.06,1
03584abd04d69168600340ad5d11723d324f2fc95ea36cbb84804580e344af235e,1.06,1
033cfb88e57bf05550bf461878e58b08a56c4f7cc972b2428e5a35a70a0d2b25c9,1.06,1
0338dc6255ff4ae3452610f01a555d6f15c8a88b77bf46a240f8cf43b26826e422,1.06,1
027e8a9c0afcf99078d71b97fd53d53968ac376f9e1320337e352269c8bcc42b61,1.06,1
038373ff3ab67a74078be52b8dc6061b9272063b8b842c0eafae8bdc044a7bcbef,1.06,1
03785c99cd75dcd0b3f2f4cedc5a82e108396abba65f107e97d93e3fdb212d38f4,1.06,1
038f91252ffd1b1f44711ccb84ce5509039c67fc178800f26518f4329c604fad18,1.06,1
029350deff24a4eb582f163db998e478afc0509465bf81b8466406dc698b4f838f,1.06,1
0241c4cdf9b4f38b7e87fb2d5c243aee340b43e478970b5957066d14dde82214a4,1.06,1
038ff6ec3fb52c23f1ea2f341bd7f9dd899766380750e4ce8c76bf12e11e1bf9a1,1.06,1
031e47777e35627e1018bc886ee24f81633a54527cfce24df0183a8fee7b3a24ef,1.06,1
038e5c1c9b3892149c05bfb6980c5f250a362691ada5330b6c45f2e37ba5fc7ca7,1.06,1
0392600bfeb472a7757cd911bf64929c5d73b01e39d425f9ee6c86f8b5969f4a34,1.06,1
029d48dc90dd482d3c71596b9ec1591f2f90840f8a33f4063c4c8891d41376b40a,1.06,1
0242fe746f2777524b65385e7c1c8be7c5f504b0fd8154658566d45690d370ad2e,1.06,1
039401f72bc0d40efb58b01de15527a2a5ae1943d7c29067b725a1467a93c7e66f,1.06,1
02a017f49f68e7097a7927e8c2e4a32eae23d632cea3aa6cf452573d31d79da57a,1.06,1
023b4a4d6a15556df1c487edf078b97ac85bd54d27f1b1d2cce4df130d85a6eb9c,1.06,1
02396b9d8f298076c6d8fbaa2e0daf1178bf3a5a5623def9789aaef68602b0e524,1.06,1
02445567c03b3e2feb0deadff5bf1df5f308c0ae539c0d742dfbc63860c69e1c05,1.06,1
02a09bcef1a09ff7355dcb366e42878ed4040625985ead5dded16fd6710279e560,1.06,1
0348eb55a7cd2332c3bcf5cf1bd81732d96d99caa56290de57eb02fac3c997d217,1.06,1
023786620266d311ae77723727f7ba8a1f6f8641e61e70a01df8aeb6a7de6f2b51,1.06,1
03a10fe972f6aad5b18dc58420622c0dd7c294d2fb4317a4decd9cba93e219aca4,1.06,1
02c16cca44562b590dd279c942200bdccfd4f990c3a69fad620c10ef2f8228eaff,1.02,17
021f05bd7bec2dacaafa9eea30e3c2dd64a1eee699c3aad6aeca8a5c6dd6ed3198,0.9299999999999999,3
031feee8045899c658eec2b6f2f6da6e4bdd7baabdc61bdc017761577342fbd011,0.78,13
0289b6e5af41f2e22df3372ae6a2d01f856e62fff546cc109cffc7f9187ce12202,0.76,1
033dd79123e7c386655f72d3eed186c071ef3b4a625d3fb9f613635e6483ff6823,0.732,12
03f163a59b2929b4b515d9dfd558f15ce23e95eadc109de013e6f7080d24644be2,0.7,1
03a7945697bb5dbe00d9762283b8f9a55eae685c4c0e891c0a1bb0c9b86e2d65ef,0.64,4
03d4d48ecccfe3f6a062f9ea3d948109ac008f4fdf8579607f20259eea1613c807,0.64,1
02a54deb8d0f11d47c6f55cec5e673063c9fad2619559e8d87ae3eb4c381668449,0.601,1
033aa93d8abed5a070efd69e1119351eed005b3af4c0de43db350adc2278c914d5,0.6,1
0278630413d5af0d3981e1788d9ff27e47bc5640ac2ecb6d123309a0992a67bb08,0.56,1
03935a378993d0b55056801b11957aaecb9f85f34b64245f864c22a2d25001de74,0.55,5
037667a61f11bdfd28a04c8c2031c388ff8cc52d00a87e62910bf03e1667312d64,0.54,9
02e588464f41b295e8c20fd1e1362437f40375cae6a8155cf20a9a9e2ec9b3b2e4,0.481,8
02c88a0df5e9ea7df582647f79b70b8e441047de308fd6b24408b8bd775f2234bd,0.427,7
030b04c5d37b8cb3acd324edefed38e170d355c8f0953718307b894321d576615f,0.42,7
022c3b4bdf935d254a3b3689f0496b8ca55655bf7c5032664899fec252f993bc5e,0.4,1
03ee7c5f9e2092bbb09e8db799b069f991e6398f6c1e61cdd9a6ad8ecf83924a22,0.366,6
02065e25c272203440b66ea0ba66601d1248564554d0a68472b82511af54288120,0.305,5
03c8f4af5bc995453192a98ea9305df4980c027b1d890973d0ba5d7217a3afed2c,0.24,4
038bcc6471941c7d6c14a8ce5b7159d8f73a3a0bb9a93e8896bcb892e14552658a,0.18,3
029a06f84c9bfddcf4dca173a4d1a540e6ce7f75cc7d1dde9fd5a70d80c504da07,0.18,3
035fb24685abadb925ece51d9f8ebc0a28ab6e7c6026692ef6d5a62955199e9ba0,0.13999999999999999,2
03d9c54d337d15c993b93ad6cae5a839e3e7c18f5ac210b8c7b7620b643a79943a,0.122,2
03ae56e5cc4edb357407727d52372a6bee32bc870802b0888961b01b49625a1815,0.12,2
03aedc5302d3fa4c33eb84f98287a78268d0cdfa70624f7708664264880f6b482c,0.12,2
02ed9102fe81a117b19f0c1fe0586536a04c962838677dcdb762aeb9804d9f33c7,0.12,2
0360e94b6a5ba69e9349ea1077890b6384a4b9e6368e100316d85e22a534f552a8,0.12,2
03c0a04ca63b5ee4365393b69cb364a46a8b8d202a491802ef1a7981adac3e0f16,0.061,1
0370373fd498ffaf16dc0cf46250c5dae76fd79b0592254bf26fa74de815898a21,0.06,1
023f1125ae4b6dba7ec047f4d809d0e0aa7232029cd3766c434514dec747535c1a,0.06,1
03a2b9adc3086b0ba7844bcda0159f11967e5558e430f168ee7ee797cb9830d742,0.06,1
032260c3b64b471b7eb0630b4af5d07ca94ff4e759573cbbe1bfb25845c375ed6e,0.004,4
02fcc4b0a87749b022f05568d5ef893b7893bcbaa99276bbbb55d9e9abc1bdced0,0.0,13
024bda1ec91b277d311aa60d04b1fb856efcc7897c876746b680c1f985fe973f73,0.0,6
03842a085b8b89da9db708b83aae8e9baff7a0a6f34368a439aa8d2ca3e408a662,0.0,14
